,citric acid,sulphates,alcohol
0,0.36969780515357376,0.5534397698996598,11.012149753279488
1,0.2555130875172918,0.7935424707403437,9.546134670620061
2,0.562453539177051,1.2577208723897602,10.85326975214204
3,0.43376646686356235,1.2669336160168219,10.006956463972271
4,0.4820811682656861,0.6238237810269298,10.723280144822088
5,0.045246238248479106,0.6802035670130926,9.697716072406969
6,0.04427370824595438,0.5238742292282709,11.120477531671908
7,0.0049289915357567105,0.5573049400903632,10.334069279063772
8,0.06796872211313314,0.5079104970972439,11.021185989633755
9,0.6026142914779115,1.0833457341815254,9.452767904265773
10,0.21504493802452496,0.5362775986664955,8.993649987856793
11,0.4669113485433093,0.5032191729072394,9.343806374246888
12,-0.03550861803308058,0.5219434809491387,10.117355108275813
13,0.04164815785857663,0.6616314562662844,9.544535241169749
14,-0.06869023201576088,0.5903205974875401,9.806416833848779
15,-0.042695148524553576,0.5389038543860828,10.804864440605682
16,0.40883023201514335,0.894682254512299,12.315615884420913
17,0.4138516961481884,0.6708754029752291,11.007785279846564
18,0.09756724271063687,0.6235710248765423,11.785937244203911
19,-0.013488522262333347,0.4026043324722872,10.876976116338758
20,0.10742299449854235,0.5484722663923101,10.986996990240208
21,0.4192960812537595,0.7078876888230352,9.472932628795473
22,0.019578147302433745,0.4957859734608106,9.82899062165497
23,0.2271688176946112,0.5544895882051492,10.858649013973931
24,0.0444949704655268,0.5428158599620221,12.897709786296927
25,0.02445558408609099,0.5859508063512814,11.798098665498086
26,0.22953106463146528,0.8630530111272146,9.325725913243081
27,0.09818796218677563,0.6438098269758383,8.89463639159019
28,0.029283087931521252,0.6037533513939711,11.397624495535089
29,0.17707655869538153,0.7096715246255095,11.778275421020169
30,0.0412385640253269,0.8108021003983777,11.138643960029574
31,0.24274127802919487,0.7865049580516776,10.593051100859803
32,0.3199187805511495,0.8672669139431884,10.771027685132532
33,0.2365113911854971,0.6487706899911202,11.80395346871346
34,0.5855039809917992,1.2815582132789698,9.381376230256064
35,0.4996288096574997,0.649484612570905,10.124984998152136
36,0.13028940289906138,0.6685914694065003,10.80141363110143
37,0.20101062708792147,0.7178230331024735,9.720334935310461
38,0.11244817414048022,0.8897797043007448,9.4379012907156
39,0.18059162930048056,0.8006759022739122,9.5565094241907
40,0.16931326743161917,0.695197805535352,10.179228907485362
41,0.2307594124422434,0.6806747720502667,9.576891504498121
42,0.05327862440749844,0.5855001545925783,9.631978868164607
43,0.2587826877226441,0.7100193651978749,10.298147421032024
44,0.27653876568128377,0.6386877665476263,9.223477511706063
45,0.5464406623489197,0.8251956490950985,12.055232120621454
46,0.28384621893906153,0.5874079664581515,8.99696474212671
47,0.401146298764681,0.5921505328530897,8.852288563553332
48,0.33165811639374077,0.5068467345736131,10.772287689472378
49,0.35981602554118974,0.6108153326703105,10.804146447952476
50,0.5335227782063455,0.8504297496364006,13.698520036178323
51,0.02754033275139584,0.747186440684315,14.220918700764226
52,0.21457223982582269,0.5223599440651142,9.414540897614543
53,0.44481770528223463,0.7536431920402349,10.192442519463377
54,0.3976911913058257,0.48064883996667823,10.749754603906714
55,0.2922553052179308,0.5384594158863091,9.532010764645861
56,0.3012428631838894,0.5523010037610523,10.549800071839744
57,0.3321406841131495,0.6740312496220527,10.571610144768574
58,0.31900672264878294,0.9548705732394814,10.193241535780396
59,0.15978092223411297,0.7517074074445421,10.862278363438909
60,0.3582818294977469,0.5411119931595993,11.325904536817404
61,0.09306923680913562,0.5282898002917663,12.460089557147077
62,-0.03696197316942209,0.44740468418291646,10.627073171375288
63,0.5785559463771291,1.0115934424015585,10.95011401377777
64,0.07646882240640586,0.849590616040767,11.922784881382698
65,0.5034817004417216,0.7311139470301138,12.077548901545228
66,-0.02239947663715323,0.44276270921008404,9.638396055437392
67,0.21954314953186574,0.5851880812210069,10.292843584175106
68,0.5708035438155941,0.7608979065714151,12.571152945071859
69,0.020702222416817125,0.5706131037764648,9.575727964941164
70,0.05239037113444084,0.6483650370343771,10.810491673330077
71,-0.028177092582290633,0.6164041224033944,9.781369229279964
72,-0.042160241012313866,0.4484550438220568,10.310307483799493
73,0.1863094583378725,0.6267513528107532,9.192262227420967
74,0.3219922217649557,0.8350681993558706,12.045491407563079
75,0.3415284675190825,0.663232123229316,10.259798928310396
76,0.2777283700708475,0.5333399594697983,11.052121175985716
77,0.10233037082747311,0.7809748345834694,9.655807875569652
78,0.516751784095135,0.6117997425249642,11.433880097823803
79,0.35944795578947114,0.8422696618461124,9.429289175598216
80,0.37221624477121523,0.7444072593113251,9.123861928782702
81,0.22650598810800918,0.4895582716292937,11.616439072061127
82,0.2887657683122133,0.5864510374665357,9.88909649651913
83,0.4640262448543178,0.679488297750532,11.049923827550545
84,0.1637436077423443,0.5847212907799945,9.212111634751933
85,-0.02081145833586942,0.6111189600386314,10.216898234899222
86,0.10333411788581151,0.6734939795820625,10.45321344696587
87,0.5046887791953173,0.8291907172182985,10.561899768888276
88,0.6334089337027728,0.5402001293525067,9.711421330228381
89,0.043601389316948,0.4871063926996883,11.134842641829453
90,0.06643105304724892,0.5614925563057341,9.750479707183759
91,0.07033468454272887,0.6107985955061015,10.577733187677131
92,-0.052139543431343735,0.6802703551644096,9.418289045165345
93,0.6726236880123044,1.123327918168477,12.203387859505515
94,0.3719523749047986,0.8784194851057173,10.250261075163468
95,0.35688247989785077,0.47303206951190085,10.82347783639292
96,0.39466530770499353,0.4662967385493351,10.15174182570526
97,0.4074985777319102,0.5278196521954422,9.927301927209257
98,0.21203505931093503,0.6564059609871892,11.597849122739028
99,0.031596030362233025,0.4893714344254617,9.23435795936202
100,0.030907663743213316,0.8486472645421815,13.788638819838924
101,0.3167996432533923,0.6743269924838065,11.814071338643386
102,0.3730276825901576,0.6087426980707599,9.6390386100165
103,0.29675168711060523,0.6158869408497795,9.887578570623964
104,0.038953259592860674,0.4681082341774661,11.091624474805544
105,-0.011267608165895145,0.531570519366781,11.578846242742378
106,0.47805036155262115,0.4391135932168985,10.54921338143126
107,0.22748221067733865,0.5838761964108624,9.84260365119106
108,0.4112892932546171,0.6951712283017408,11.349493270748447
109,-0.0034987267358991543,0.522450662154678,9.203042089537869
110,0.4658183719410444,0.4647511923489705,9.674222617261366
111,0.12074494687627292,0.6613458630313432,11.18230456086616
112,0.32365693587799577,0.5275860858946366,9.276571950856885
113,-0.036925557991213484,0.5808429396048282,8.524112646688385
114,0.2030694468541442,0.754318795942976,11.228529084469022
115,0.24427162667279123,0.7893855015293569,9.761499282487774
116,0.5170597404613055,0.7366156486882756,9.840975344284464
117,0.3735529491848791,0.8839846103945923,9.735605542666343
118,0.1402149992224926,0.5342702194462973,9.742837976706815
119,0.34423929475814297,0.6113682306504787,9.37838733431688
120,0.3738643973550614,0.8201310834454005,9.177614726764405
121,0.27380068268406677,0.5261933643276839,10.256531742778531
122,0.5517804897206408,0.7750758228830368,9.663717967929333
123,0.6823667854551885,0.7322709317252024,11.903134212032505
124,0.5840932428792514,0.7144062751463648,11.954472679586912
125,0.3986187159507578,0.7341279952702829,8.88402171065403
126,0.09298126304294572,0.5102421009558394,9.076935243592066
127,0.06573449130177048,0.5238046486817055,9.529041447860914
128,0.009860120048411133,0.5951126149453501,10.919786236228918
129,0.24991281486440955,0.6677221982983597,10.718299973183123
130,-0.06554690529440237,0.5513873445780475,10.403601712876586
131,0.5480470084375031,0.7038144221256933,9.099212191948428
132,0.48758498702912284,0.8627844475443707,10.816969947501894
133,0.3205124122684094,0.584217761875491,12.6188452074696
134,0.33714335162246833,0.5985915065495176,9.488750419664845
135,0.6924495730333247,0.8491706841101418,9.986972120436864
136,0.1969996561035458,0.5236891564217325,10.036578261961903
137,0.01885258979808852,0.4406381188199296,9.275592258402492
138,0.09493863958882656,0.5855521075870476,8.954545516778758
139,0.18340298844930625,0.6477346601515286,11.05821876461812
140,0.008728666682718616,0.7300562469853568,12.118261456565774
141,0.4508271717407737,0.5461831966955403,11.325968674382965
142,0.12330915225754778,0.6608159350221087,10.670766089118727
143,0.20624420956997885,0.5725012531469051,10.252904071872301
144,0.32992313220204694,0.5324446735071992,9.840602111864678
145,0.14716371652364843,0.845563960141203,10.96729006938032
146,0.0025833858300228045,0.6034415932599586,9.448719411429293
147,0.4142690647425672,0.566275858847425,10.22227800605563
148,0.35748225293010294,0.6289818670891044,9.810859106764385
149,0.17050158675475366,0.8338577844180168,12.021894425605351
150,0.4381615718859555,0.6915534579845628,8.709317990701354
151,0.11721960762614486,0.8109571934854476,10.552558842441435
152,0.23734583899302505,0.77865190750042,11.394392097336246
153,0.027507597160241388,0.909530074339191,9.420506556660802
154,0.10217707759818562,0.6453584463095404,10.167872573986033
155,0.23371480823394045,0.811838847602343,11.258917348264848
156,0.6848112222224187,0.6470131175978501,11.335866355891383
157,0.07378475802642216,1.2109681105474959,9.560027441660331
158,0.3292641269302061,0.6726138557571036,11.314557203370658
159,0.6849813038879806,0.4637668491711252,9.636166686926751
160,0.018816068896743386,0.5470906066244521,13.070373132668553
161,0.020554991363208243,0.6837425032951576,11.978501343779216
162,0.36153494981787837,0.6593993587372758,11.14249694625579
163,0.16968363807158893,0.660251668726457,9.649684963936762
164,0.021613122128505666,0.555870460698181,10.119338373172692
165,0.009983198451874401,0.5043725935835415,9.385723370639324
166,0.2310212389012275,0.6578396663689786,9.297843981032225
167,0.4343776709028509,0.9565969599681704,9.504864343601875
168,0.5479769723203829,0.836599922971434,9.875739644855239
169,0.097726053729597,0.5498161827550792,9.365787713549082
170,0.4004131445174504,0.5299222658784322,11.416818987179571
171,0.09529905785536417,0.6004167491201274,10.192291494588861
172,0.16581881992215078,0.6592994129445088,10.09954615164871
173,0.15320557122096878,0.7316274555185909,8.852255385701161
174,0.3198308670406887,0.5627224028424939,12.252459732343883
175,0.5029542233378079,0.802259072009968,9.48360115561689
176,0.7457984597062184,0.7866924317374301,9.475946011093448
177,0.3481825885008092,0.613783914599437,10.612276283054339
178,0.7645657331846959,0.5154624359823523,10.546885369176282
179,0.12468329685846462,0.5351723737384495,11.784888020400437
180,0.07475729877453853,0.6653341683250075,9.590484871525007
181,0.29149213019483844,0.47790593554615984,9.792124007503528
182,0.4518789689105028,0.669971014927252,10.48391121657235
183,0.33709218735778457,0.7815769413850272,10.827821153074966
184,0.17177726677773605,0.6509656742030264,11.690859073583315
185,0.18357250997167637,0.5650143235485232,10.750795106558002
186,0.3380083269964055,0.5857893474139566,10.741445313644345
187,0.25168666293139863,0.4417034440563288,8.57793512182582
188,0.041961041932165016,0.5221632693883744,9.054201771956212
189,0.3575561991504721,0.6127726437261433,9.86403013811443
190,0.1546608235184447,0.8144785151982681,12.736130301908677
191,0.7042772222016498,0.8266104400839551,12.816688183330555
192,0.10047478439999478,0.6684570305622127,9.263594506628312
193,0.07782183975026741,0.4913965462379256,9.231636331108879
194,0.5000470582867717,0.5474640524521726,9.356072928008219
195,0.23694407625829597,0.5612831660235403,10.693115205428036
196,0.2377988307661465,0.5761089822576215,9.888168000627731
197,0.4289083134770646,0.7369062885166671,10.215444784782205
198,0.4709420394752577,0.6206615241578115,9.558018666036535
199,0.2348180976186252,0.49967312437141,10.501388858163708
200,0.3688480143797678,0.7677923363810029,9.348920315652602
201,0.8390516687920123,0.6327435882301943,9.495967121917564
202,0.22033269771533695,0.6767062145918281,9.421751795796835
203,0.5790028943642631,0.8135186952616118,12.49952027444816
204,0.7261347002644026,0.6989469678904623,9.672788311407928
205,0.12251477465091118,0.8191517941495124,9.614074096285252
206,-0.028371488933942982,0.5618366483640654,9.110507615471581
207,0.5092302036307373,0.8708492769900282,9.332793244256006
208,0.256672912152981,0.7309194247951779,9.875905544652701
209,0.42697166387464003,0.4364861058726029,9.543667028597703
210,0.1920455542988514,0.5447484031162335,10.24083715030237
211,0.3582046197745432,0.5708647757057497,9.0439747374245
212,0.1701279509969832,0.46568178320064674,9.717603504913408
213,0.0221852969443543,0.4965242870563397,11.245188073161767
214,0.2867130163598466,0.5148240063022897,9.552068794211358
215,0.12326321709209766,0.834280837359762,12.626145847970042
216,0.13345931435579467,0.7912202848796973,9.262169868421383
217,0.38545186386066455,0.7689440446897644,9.803932661900717
218,0.4175673253766374,0.9378523753335019,9.854570128234055
219,0.20587598258918216,0.8429945019181814,9.265443320036864
220,0.2625287345671382,0.6414756357713098,9.651637097942723
221,-0.03424597625447818,0.6351199767092489,10.021792733776644
222,0.12053254922179196,0.5675281597517152,9.408550930006427
223,0.11897358522348092,0.39713605415085174,8.02381335751173
224,0.2477729846105447,0.5294321948936196,9.63686357786376
225,-0.02244718816034169,0.46666042131713564,10.237248929592564
226,0.14501030221721387,0.6201475798907321,9.652441504944186
227,-0.0024409957363943327,0.6025542672112337,9.463569576379598
228,0.06740381220265719,0.5105984541750428,11.42885856297892
229,0.054598061216210164,0.5187941507118844,9.31385435352236
230,-0.02573332416934483,0.8095844659658782,10.770968299350876
231,-0.015479720272634086,0.5461519884004359,9.752330193689671
232,0.3190290204928345,0.5824927118841633,10.054990993605008
233,0.37681216790837535,0.710877143514808,12.959284534980995
234,0.029247751260604006,0.8223671989832323,10.902232763740376
235,0.32928336563560934,0.5220491612371888,9.714450224048537
236,0.2588331511213512,0.6607672200046791,9.720602833809508
237,0.13427543051464846,0.6016216289330457,12.03910816902638
238,0.36758586979660557,0.8511495197167365,12.360697186528705
239,0.13190029798521724,0.5640403183625043,11.904239953302742
240,0.5081076535384302,0.642297014945091,9.340600212602457
241,0.021799280134905064,0.5575634264085614,9.35151578265412
242,0.06926177354948876,0.4754520872513255,10.092303173314331
243,0.4766335712463184,0.7434767407282683,9.968670201056467
244,0.7039803710032397,0.8821218337832943,9.758461410893839
245,0.4601152805450667,0.581046694091073,9.738910874302858
246,0.6118670796770733,0.682129491798541,10.560955998120438
247,0.5220044160567561,0.7072129372353044,12.013585743358465
248,0.23741714150925133,0.6748446181484291,9.535970222484476
249,0.23860335150834308,0.6628851769094078,9.122618066955942
250,0.29704613818976605,0.5927384281384507,10.007406776147446
251,0.0639149328989877,0.6914068416313977,10.876104573146248
252,0.22595221961725112,0.5963540631631741,9.90237650001041
253,0.17557762094732327,0.8464061102867907,10.114625632419294
254,0.004771141954953956,0.45421231993750333,8.975134967555196
255,0.1143160337988141,0.7479809016947361,9.403630922166005
256,0.1919658393341133,0.6543622094030055,11.320412423632925
257,0.055009466314292925,0.630541986742766,10.99709433635632
258,0.6190397626897757,0.843104065743563,12.021571945940858
259,0.11722864373981548,0.5883916847244259,10.073756774492685
260,0.2320466776637301,0.5373761303270537,9.425317919749164
261,0.03780384229294142,0.5916036855220846,12.736235036477193
262,0.2333358557565799,0.5631633771788288,10.846165141436893
263,0.012450733815537643,0.6119544146254707,10.729587927613391
264,0.17324429673425637,0.6112532664576716,11.172720895143541
265,0.10745598312353286,0.5464641987992889,9.609822434900325
266,0.20896075646651358,0.48500339637967954,9.666857605117404
267,0.46176751276524436,0.559449659422882,8.606226544439325
268,0.40292957318624856,0.7594432822985793,9.774549347608417
269,0.027620998623306553,0.5627610676241332,9.121444264589883
270,0.14443594807665355,0.6054046916594762,10.64470085024383
271,0.3051733221115501,0.574540559583166,9.44201931487335
272,0.4531529305585563,1.3085461030221865,10.002152640496083
273,0.17458988056814648,0.7800322557465423,9.835787133799624
274,0.08853102041257549,0.6936840764109375,12.032690004518393
275,0.6001808400653543,0.8139717177183275,10.377332181343398
276,0.6041508131761453,0.6618145112689983,11.330376989997234
277,0.126413415083673,0.4850034729839011,9.20644500383112
278,0.16226628902824594,0.5511406020531048,10.598907146651493
279,0.06598878332034738,0.7684037701881867,12.369418309142535
280,0.44594849363193445,0.5931723795696289,10.137974798451918
281,0.29447204831938345,0.6092382163611666,11.9663673920549
282,0.13832293379627078,0.5601063874604203,10.843275656899364
283,-0.04004950088233992,0.7216292827427189,10.99173174772512
284,0.05465468262519742,0.5741955663816196,9.20025822561739
285,0.0661661875520544,0.5018457051150806,10.265411008217821
286,0.018611893975551425,0.5838293555858136,9.389494793233434
287,0.2420466598583224,0.7259472606583884,9.378957655341955
288,0.6035044779379444,0.6421869989585537,9.49589443040217
289,0.2862696417080881,0.6768205936969087,8.863357525785233
290,0.2598584184192639,0.5623777130466278,12.341599911641486
291,0.1860602775204591,0.5257926384832061,9.062304403169819
292,0.03870927496114229,0.5678709080894027,9.31980013124169
293,0.2447110939577886,0.8922419149583184,10.723695037865564
294,0.6877564508813699,0.7074144812045003,10.388865430684776
295,0.39680732828493065,0.5794971602737687,10.84975063835899
296,0.08647478527097494,0.5916462773920463,8.869078841756226
297,0.7203527789181204,0.6034466195486634,9.778669635980174
298,0.4161488049809938,0.9564638701559839,9.707802602533132
299,0.532991076417434,0.4581686369508343,9.231992108735307
300,0.3777278289357994,0.7242519108137347,12.900593227502002
301,0.5404326869623589,0.6927165897363442,9.782421892904496
302,0.26164484453953474,0.47836744528858954,9.297433867531824
303,0.4390074042236209,0.5238406191912913,9.636380529045887
304,0.21040565855871185,0.6549900320256331,10.992224390510197
305,0.3446360015771222,0.4843967036476131,9.729551425817439
306,0.4229068549864917,0.5376162589813361,9.233646362338867
307,0.611729576487217,0.670014490804004,11.89906387430067
308,0.4584119445454564,0.6793946001149002,9.301897976662195
309,0.5630138802220486,0.8099768990286651,11.979665692409968
310,0.10525753106550036,0.561174632887147,10.426050360255742
311,0.23597604664161445,0.6163799296983089,10.959714003889358
312,0.24875181790989773,0.9105387298213024,10.572557916255494
313,0.18104694729214954,0.737650634685856,9.790360127865066
314,0.6017704711688757,0.9149594045072469,11.190586089130852
315,0.6873014918711211,0.5528268688770245,9.170547637301118
316,0.02287501676233391,0.5130950406446524,11.357973968162238
317,0.021877075755093,0.7863646140853292,9.814849280207175
318,0.0057461651437878,0.7802210778390588,9.151888630288473
319,0.4506124707585912,0.5449625851961775,9.168698122742725
320,0.5808749041117586,0.7895723254858842,11.988981901477885
321,0.34584812374880053,0.7277085899512309,10.124043570834887
322,0.06385062811055063,0.6348789885954975,10.851225486073764
323,0.14533037749429167,0.4852035724258179,13.365185657792837
324,0.3180754127748869,0.5370643641306964,10.372007250017598
325,0.8081071165864318,1.2614660443452863,10.756837434445947
326,0.3810437046809967,0.7382741605146563,10.309769960699644
327,0.6217531620501511,0.6220888912569433,10.328472067357685
328,0.004437542834700628,0.4735937975472007,9.885204560040762
329,0.09144473321202953,0.83975038345235,11.503584318091749
330,0.5276102449119892,0.43288879324122287,10.963439076482322
331,0.18824043619639094,0.4747404057069996,11.086391889124883
332,0.3437441562963682,0.4801386323076989,10.929719511529827
333,0.10217290080121395,0.6313354850957487,11.11451542642214
334,0.24052836229352173,0.7996537042244513,11.422722008591906
335,0.46858228231529514,0.5555167014471599,8.895621223203996
336,0.33357594012152425,0.6118555589760422,12.404030734978027
337,0.05323098474127361,0.5866639205881462,10.715451193826315
338,0.11555073099293621,0.6216668499755011,10.248788331066542
339,0.4987298786430258,0.7835120285823993,9.447274005110106
340,0.21047065386818442,0.5748736523248553,9.408611726651342
341,0.022621620315249825,0.5865695809976371,10.264439251254583
342,0.028726095786472516,0.5392259648151382,9.362303538433581
343,0.38755827531793124,0.8579723206070086,10.200354117218764
344,0.015369334153775794,0.46644881392251536,9.518665169217368
345,0.08319657642494292,0.509292464756634,9.835910200230138
346,-0.11460927085102449,0.38925903078489194,9.536537310751193
347,0.07952191740560322,0.4741853859440204,10.985224079089942
348,0.18581772816744602,0.5425360617147758,10.536768001355467
349,0.38524582507630434,0.5954880585220224,10.821267289294777
350,0.3810967817914529,0.6553261538893235,9.319769837838884
351,0.2579905212323656,0.597031174082991,9.527241543287904
352,0.17566404689293288,0.5471011263589706,9.606175488328601
353,0.056640398581539554,0.45788573316719516,10.675795091299657
354,0.006563550877705457,0.5542941061160026,9.797441049547443
355,0.02854767542538622,0.5836974003996579,10.521937553446742
356,0.2604498091623257,0.6333123873091682,10.732587010525704
357,0.004174919205772576,1.0941812897101824,9.861856320598978
358,0.3277708566424025,0.5501334487726526,9.743581839262312
359,0.26050044056913224,0.7483590692416299,9.9490479881264
360,0.33636814050893993,0.42743790902972373,11.412549759641989
361,0.15897409431945797,0.7179664596404988,10.871051472764888
362,0.500846180617594,0.5630212509392984,9.741347778319335
363,0.14722901484901982,0.4953645783698666,9.667956159392176
364,0.4578356768632545,0.7386943914417688,10.708953905404098
365,0.3499629758662619,0.6490919846519323,9.76513865430699
366,0.06946374501754515,0.5870378283064309,12.698356945405164
367,0.060688588870175066,0.5092911454006279,9.707857263664744
368,0.5618836006341642,0.614402258092144,9.554307484499791
369,0.18214974946551626,0.6530244705450639,11.182840238447712
370,0.03895536975266006,0.5936471840699034,9.91407552960879
371,0.04437424306088938,0.5558231910557642,9.817669515711591
372,0.138293175364607,0.7955896941596152,9.840955851470623
373,0.19545100073293453,0.601954736540645,10.876800282885549
374,0.8014646827279406,0.5925689998666259,9.34187571368716
375,0.5167859901967295,0.7606430830903103,10.449958304958729
376,0.21294217123648507,0.48903013884174146,9.480535747682538
377,0.14887383069728516,0.7026075608987915,9.64452486513415
378,0.35345090178090377,0.5885278178297393,11.079482007946156
379,0.707317189704721,0.6275846539228757,9.62066333156348
380,0.13355642841782492,0.6009769053132206,10.445960849456469
381,0.010346811689058138,0.5339821004140439,10.671158574186437
382,0.3424577409179996,0.5743651233410949,9.307894495326577
383,0.0063943797313974335,0.9576875238599049,12.990785483187238
384,0.4694317887270045,0.6411557709315021,11.274641663943115
385,0.5089685194947071,0.8458428675096056,9.720814007446178
386,0.3606886526958995,0.7929409511170515,9.448740481669276
387,0.4565926241936779,0.6581980271005183,12.68186430122598
388,-0.02711488342503919,0.5551756940267553,9.15952159180956
389,0.49257927872961166,0.5783915720215819,11.738621027751847
390,0.04236865421910068,0.6332634800025662,9.242098948079573
391,0.07238056106960622,1.3040042994514232,9.652412800180693
392,-0.022925598028792384,0.4548682047648408,9.5567598420972
393,-0.004754230876877525,0.824595508516595,11.080334240145994
394,0.36556908622021345,0.5356864118782431,10.537347094204948
395,0.42578587664371886,0.5383668719205034,12.279142157245856
396,0.6670353722316534,0.6963482673412288,10.874699549789918
397,0.03786029759776208,0.8150103372725599,11.05174786412695
398,0.03740247018434762,0.9296970929891014,9.777014393484125
399,0.1004131802106737,0.6538999636329414,10.466472944782833
400,0.12686613286029846,0.5821098134731959,11.323222969896294
401,0.5308950672973621,0.7334312006337066,11.476213259398117
402,0.45375070595603156,0.6135100526502887,9.851162375814077
403,0.06535382883271737,1.0926034726779452,10.149417876180957
404,0.14798714195927634,0.7266167050573519,9.796563411222046
405,0.2801882167886851,0.4480181500180079,11.197411570539506
406,0.3152930830641078,0.5895664717761497,9.265305437157
407,0.5518994387466885,0.8681819960599442,11.357160637391681
408,0.5833906157999655,0.9407952868734527,11.682240860666889
409,0.43577951116438984,0.5112187637807859,9.58540268173703
410,0.18175828954945872,0.4657235177532408,11.485434116759867
411,0.1655062605334271,0.5257348255437558,11.744920814529682
412,0.20123294558561636,0.5670625616520811,9.974907464537312
413,0.5863268379626972,0.8859702655879899,11.634007577369431
414,0.41223881905105736,0.5863973835777464,12.248990637433907
415,0.05688160694289009,0.591082221203652,9.180109662881318
416,0.36542625553710595,0.5119711397124437,9.405775422515525
417,0.30416983563193806,0.6226064442859023,9.627229056559946
418,-0.07574997450770378,0.4697016112811078,10.57181440837189
419,0.22109294104507152,0.691379633671293,11.000784812825383
420,0.3526668948591786,0.9320403942183324,11.361229399155137
421,0.4713037256691953,0.535056045796529,10.430126136412865
422,0.06380610299565273,0.6792303078075407,11.061333531991304
423,0.16891518749176765,0.6166734182887744,9.642297281773919
424,0.09396371776947969,0.6796099809833599,9.799533851684775
425,0.25559802574270396,0.5422787511542752,10.66966938855516
426,0.3264301210671,0.8702003912854092,11.641011861494194
427,0.2939934470139712,0.8822936267028557,9.104495234871052
428,0.08924037036629287,0.7891870361014393,12.079295858313584
429,0.093417632098395,0.462498314686717,10.466402760976308
430,0.06449858323230583,0.5805095375212891,9.716183930739009
431,0.22520650845913326,0.6750458340166998,9.520659918423103
432,0.22942817579993527,0.5552289172747569,11.11638669100414
433,0.28584608993098576,0.6507190299007087,10.545234686581773
434,0.3308220129080098,0.8047494645048546,12.629625108809718
435,0.2322188306533724,0.7455972311759638,9.919407611772039
436,0.21422654656097256,0.7683943647264636,9.63724143664484
437,-0.052187761191399056,0.5427768289164459,9.074751585788096
438,-0.021679847250363947,0.3932662027286893,10.917187070139432
439,0.40322809542418236,0.6928293798413087,15.051811053938904
440,0.268812209832093,0.7999880622822267,9.192647056403148
441,0.3855669261962218,0.7958382515634765,9.69794196260331
442,0.20508996165163618,0.5684343456869084,9.49603048558579
443,0.0944616195331458,0.5846026488128558,10.537867133518441
444,0.4390544200512621,0.6911027634453248,8.810543926620584
445,0.530895350426762,0.5695240019434544,10.673162347682
446,0.5477533528406731,0.6583389373405402,9.183275452078247
447,-0.0006779299240994628,0.6345935309593054,11.622449962693425
448,0.32271020899515823,0.7301854264632859,10.767108908702163
449,0.16689674606285856,0.5255069826530989,10.963023709963894
450,0.41934058642491273,0.6663006742852253,9.94193596265043
451,0.12758842884741692,0.7631368356854596,9.919625883469852
452,0.15267598521432085,0.6688444294915864,10.430127450957238
453,0.18507391065873469,1.1552556530831166,13.579891707240492
454,0.08841832796425898,0.5510976293399115,9.436461768258463
455,0.1417677164791166,0.5433830419253667,10.57557355734635
456,0.4798178649956325,0.5777338148320391,11.140857659016648
457,0.660724458987749,1.2928147228174094,9.950099668845368
458,0.26298011628993906,0.5896256186165862,9.89835391277119
459,0.5498999520397768,0.8295492797674111,11.105797869592388
460,0.29161247633602794,0.6550205798716586,9.083890185191597
461,0.6705707778501175,0.939360595784634,10.253072576993262
462,0.39000890160109575,1.1252850890657609,11.079572088631949
463,0.407314624430069,0.740891951152454,10.016020442480057
464,0.11611444725770753,0.879145377991222,9.898086779624979
465,0.7290823378418757,1.3611755770202623,9.484286129724733
466,0.14370228432508952,0.7278867377119916,12.381980230258897
467,0.4066132737517328,0.664322360595484,9.183645467862139
468,0.13271459036287644,0.5342796798223818,10.10402878140285
469,0.4604916676902602,0.7892960791368848,10.753269689579794
470,0.47434139295378547,0.45175429476954865,9.80025939833162
471,0.1422125806728768,0.6370791396564228,9.642798000348163
472,0.20941514041897383,0.6251627704084787,9.888278387370347
473,0.013839783001598726,0.4896806930405676,9.613922573745668
474,0.3035836500670027,0.5755929671618969,11.281288516520688
475,0.43092667142164104,0.9181584731464616,10.531024350792265
476,0.0165054535285534,0.4328086723027348,10.64742678002581
477,0.030690348115114036,0.7005151907990191,10.498592783971691
478,0.572222525905071,0.6615709864910098,11.006838828668004
479,0.3823005650756578,0.7291408671164022,12.630752669099412
480,0.5047863519698096,0.7015000435396004,11.007695134300661
481,-0.022274245899391216,0.5917970921861746,9.396300812283165
482,0.29974759515183097,0.6189537245849795,12.068439145018601
483,0.10447465124663513,0.5374208580791087,10.612468457048648
484,0.12436108149130373,0.9526012273052596,11.083695388134418
485,0.3617502070524068,0.5772601340933395,9.591607866298004
486,0.32854031706695674,0.618910242888307,9.2998732033338
487,0.17718225169381815,0.8170350912095716,9.1784371945722
488,0.2881256784420958,0.6009980329100147,11.283931966452542
489,0.11616692282990956,0.8255231142457073,10.834960667011217
490,0.619658946398275,0.818288781109689,9.248697834562194
491,0.5297954984078314,0.694106557409994,9.98442142526079
492,-0.037321751260706956,0.4833503330791476,13.298538863174747
493,0.2518896037468797,0.7912176341567356,9.211453313812283
494,0.49991793060601614,0.8581934054242477,10.130907136204215
495,-0.08661011765926362,0.5140568425528771,9.223485865094181
496,0.116559304860728,0.6559931233345087,9.495423201820914
497,0.07350190911568197,0.4236686437449982,10.371074472490324
498,0.23680570940408713,0.5943186632657066,10.63338538273349
499,0.08036648719309855,0.5967850480788612,10.704269898564414
500,0.5023232062629241,0.9009485508723517,9.728756827514477
501,0.5010908579472652,0.6568127180491081,11.644494921342915
502,0.4069682543090871,0.5576939005322581,10.865203936961016
503,0.6074477240266507,0.806587066732228,12.22937647375831
504,0.013109946048211753,0.6212398178844035,8.892521784171246
505,0.5727442532682506,0.5258005448135169,11.339589750522215
506,0.10788330802751109,0.5249424835666572,8.920509186668221
507,0.2989389249434871,0.7264764436423647,9.47009857869829
508,0.1955704633980086,0.560646641973797,10.490915107853233
509,0.17239358165580865,0.6445971435424265,10.310708826722756
510,0.11944339116204188,0.5116311450177362,10.593066357237829
511,0.14452353901402165,0.8576048783613758,9.120963234101659
512,0.10328937371420188,0.5438721757778632,9.295477608200146
513,0.38506294933347474,0.4996466835670072,11.572473946142775
514,0.2920824333795457,1.0269350405758968,10.374094792556031
515,0.18498241320952757,0.6577178133804689,11.87867879679352
516,0.23000010869784301,0.5008778898716411,12.63076730320397
517,0.4481805940891396,0.5201057987072868,12.754715782305944
518,0.4360603228602079,0.6795707074984879,10.047801088241398
519,-0.01860010948475154,0.6074090292631056,10.982800833695565
520,0.045305394831597824,0.5836431581186198,9.727004021385477
521,0.06506381482273982,0.577139153531183,9.47538419643221
522,0.3794585554633963,0.5804143530250278,9.726132935392572
523,0.3695103832434405,0.7550265370775929,9.808659415861861
524,0.4287588518351372,0.5920816021534959,10.452041824944052
525,0.5944779014296296,0.8509315797691467,9.507321541361645
526,0.13719788393222165,0.68475701859268,9.50836719912759
527,0.7007061940396999,0.8344666852768945,10.423348826334067
528,0.013129461291226949,0.5879420291694615,13.160025045370071
529,0.3281993256408289,0.6625563013855907,9.121944346843497
530,0.1753537091333341,0.6811160664204815,9.259192018523537
531,0.007014701580866262,0.5625070258701937,10.832800960323398
532,0.04029778145490955,0.5609414267827502,11.124018666594072
533,0.6575679770101456,0.6403292502872557,10.256989041271444
534,0.2538756368355713,0.7374801240607973,12.230912780322177
535,0.7891874598369946,0.6629296135303214,12.161307259344051
536,0.046563566994941415,0.6203865417195693,11.797224734021512
537,0.06878656250982769,0.6680342372120444,11.109823742158618
538,0.17152529781051337,0.7339184336330519,11.009925719300913
539,0.29237734820282096,0.8003011523202632,8.720794509419758
540,-0.0604913404236432,0.5685616823084625,12.262644848894993
541,0.39321438623975297,0.579425671102861,12.745980923649451
542,0.22620743592350243,0.8653351289285026,8.985149704684835
543,0.3170975332338187,0.46666025397611655,9.526096055062007
544,0.21605630016532124,0.7970975644693707,9.88588874109797
545,0.3179519343505001,0.6172616449174151,11.231296046627214
546,0.47572658352876307,0.7519060286411642,9.17207053913819
547,0.40744325459688996,0.618827224424697,9.454716323954946
548,0.37006064203517924,0.5410373931103624,11.158485365135867
549,0.3662189206822224,0.5380084953352067,11.862786944682703
550,0.3119553650610464,0.585030549276087,11.500259777145267
551,0.5144864738154757,0.7998749837201563,9.7578470128403
552,0.28426861161303196,0.6524996867508847,10.899393984177392
553,0.3914450678940321,0.8050164263970528,9.870832213176682
554,0.3894056629404772,0.6593245308132477,10.075253941833308
555,0.476816813736213,0.5668235053189911,10.163253651270832
556,0.3309160703250682,0.7733356934005744,9.937091328395198
557,0.093079361525654,0.5555807166209346,11.150554149416068
558,0.24779938242895216,0.6722619836071415,9.262832538471402
559,0.4483193250382596,0.5687817702654369,9.41620606336321
560,0.30429249857403556,0.5974230002107008,12.75810687877341
561,0.35754871144366196,0.7495430633161775,10.320227565869295
562,0.1023773383920934,0.5901209594790274,10.366605023136858
563,0.03742785383162862,0.4671888639358193,9.171946406142096
564,0.3590508745896875,0.5399447334087399,11.173321036648844
565,0.4903506534648252,0.8990439956935922,12.513873813256849
566,0.566435536480386,0.6291789981814824,10.356897987233632
567,0.21865974766044333,0.8358174381079024,10.81099402923831
568,0.44567681986187474,0.8215266015840411,10.80967550497477
569,0.3344013385982628,0.6863915573131762,9.143504318621112
570,0.10032149203288741,0.7116598245153954,9.792375400004316
571,0.4352269851968035,0.6241008631294085,10.706233549871566
572,0.1466529305857542,0.6028285050452281,9.583148956558963
573,0.07958948801043478,0.7631372277351879,10.515773067982236
574,0.6466874130971071,0.728423346017412,12.769612991665953
575,0.1426158589785012,0.6369226210330267,9.273690392652343
576,0.34166541729375915,0.5864685286777812,10.57776819701177
577,0.6047367604890833,0.785089245100478,11.512263215039818
578,0.2166424835730137,0.649025793017842,9.034589156401312
579,0.05336644844219327,0.4173701327439142,9.866586417635025
580,0.39015549748705214,0.7165987702016043,9.529722149179204
581,0.5439161394946352,0.9137393722463102,12.829201788856441
582,0.39635096611955134,0.7694124199377527,11.264685333075574
583,0.4749503341701583,0.6133218938853281,10.270812206048253
584,0.5834658490420372,0.8200664958107461,12.04067690852123
585,0.6027193537040867,0.8332642982299245,10.15308437927374
586,0.03953717331335304,0.4202001138601503,9.92077950148216
587,0.2565571396384724,0.6409807836714505,10.52354097808548
588,0.6920045496259062,0.602971590760414,11.42477105597852
589,0.00636382788744409,0.7780850977300865,9.384864739162152
590,0.09062948042224535,0.44360375668024443,9.77770018519923
591,0.597958517085563,1.060334734347326,9.906303406890272
592,0.3422176131269013,0.7210235554911435,10.574078045940231
593,0.26854701371821793,0.47035065176236596,10.731105007291037
594,0.3599361238730847,0.5249955236506778,9.868678587340066
595,0.030587355211615097,0.5860711157381985,9.75287993122042
596,0.6707768672470357,0.5941113926653837,10.455840343616119
597,0.15544134644790128,0.6042000259457431,11.144233422630004
598,-0.12600328928114982,0.522669644003197,13.129982032155445
599,0.24503172438863563,0.4265232573331156,9.355020862835746
600,0.42627781388882086,0.6093357018929488,12.983167821996282
601,0.5732842818175412,0.5633420376331002,10.402769883594694
602,0.24717228588873277,0.6950761479234627,10.489047709882342
603,0.4705504677391862,0.5597024975925061,10.52901096566973
604,0.19034971438157589,0.6345669942162894,11.473147388764916
605,0.47355812526555463,1.959147331908726,11.333478511517743
606,0.022084457606510382,0.5748354211428708,9.540978711072093
607,0.06464204247158362,0.6092059656225566,11.914823581584866
608,0.3122665104422259,0.5489549675203937,9.997483241326037
609,0.08576036174872438,0.7214805162584276,10.70609465509561
610,0.09026273020325401,0.4723073316906295,9.769385675826245
611,0.045565660713003796,0.5824755016805617,9.240314834899957
612,0.5015855369585326,0.5653209468942747,11.925865732957375
613,0.016288188901319403,0.4582853685481672,12.924645767145025
614,0.2522051438148345,0.6903376937533456,9.994837919705093
615,0.4775587413024376,0.7429191217377094,10.999977155244817
616,0.22316262051331284,0.43123068641331014,8.854618321169628
617,0.6285244194703157,0.6543479938161298,11.373281567336003
618,-0.020153845068624547,0.5303439209675438,10.650296457511894
619,0.3636470402576077,0.5982615574017927,11.364007752853455
620,0.05026609847974419,0.5770903623403524,9.581005143722773
621,0.0661891947724174,0.47937779930417007,10.653356832417424
622,0.06232428395056814,0.6282326555469294,12.477051368912006
623,0.006030611177334846,0.5695247376380094,10.659040177736474
624,0.16027986626800947,0.6183097582844492,9.366736133674225
625,0.6224246721266388,0.6633326506062582,12.749115490437733
626,0.44654521262994146,0.6060323296735106,13.914997554518804
627,0.6592752109389202,1.0950389801245697,10.77868797311679
628,0.10939521126724563,0.5059817476112078,9.908559018946319
629,0.13150364627028197,0.716552600286124,12.330372416412056
630,0.360239993977566,0.6379471651190937,9.692338620703863
631,0.6226590834777025,0.7014954467813176,12.710525149220926
632,0.10866214004055211,0.5697316338175457,9.975219840968442
633,0.4249507065587718,0.6683771556654426,11.631042014564718
634,0.22036526327955527,0.5422061221284391,11.186018925146588
635,0.5401774801263513,1.109385668750569,12.211217262511056
636,0.32532725418142977,0.8951720020879171,9.97326262700801
637,0.06536345851932625,0.6223939576293466,10.406376136549753
638,0.4694696327534488,0.750636256184992,11.102575380038916
639,0.1907370614728924,0.47855029502893986,9.040235143191714
640,0.48664785732492244,0.5794991635638783,11.04556636081798
641,0.41177206230444774,0.7022865964385477,9.966342095748475
642,-0.06884495462395569,0.6264911070569565,9.260447218102033
643,0.015487290834871778,0.5102734645600421,8.993142187645358
644,0.5524256631020853,0.7481956751570294,10.309608612641322
645,0.19975248877405344,0.821320083859232,10.439256771306209
646,0.5613950228772155,0.8918951493999302,10.673840728015016
647,0.13444905052910835,0.652762417572915,9.416155156452605
648,0.11732028709908746,0.6207585651230875,10.4409119482607
649,0.4313016414807435,0.6788606306092049,9.689037978080068
650,0.7528399601170214,0.7329065017973889,11.032322058170584
651,0.22539128083062168,0.63047415643098,11.653793570621959
652,0.2915097199463017,0.6580326272499375,11.144470128423238
653,0.008805740884594538,0.6177873950624853,13.827756771343637
654,0.055748957090786165,0.548711810797523,11.578817976080137
655,0.23216160348825318,0.48950890602367875,8.980678190979335
656,-0.03703602338973028,0.5182075258725499,10.015141782162125
657,0.2758701744072205,0.5772468473582447,11.13625521779092
658,0.43734111563315226,0.8103391679941966,11.194826663927042
659,-0.0038342133600659614,0.692409399424877,10.507228243768713
660,0.5806839506499447,0.6447903811638535,10.132723593638937
661,0.2683184028544941,1.0390150077564015,10.207357118950911
662,0.40175606812470394,0.5916786199907963,8.516489454048035
663,0.00097889182755006,0.47571948867698993,9.39961709117331
664,0.5896358086070039,0.7361040268567031,11.080793245107868
665,0.4655683143860877,0.5354193200097058,11.197792892189531
666,0.26514161669621344,0.7821560641145908,10.440706896389672
667,0.14377612212175184,0.8637544347900117,9.829520983702785
668,0.4934424837755969,0.551683896656915,10.58646307307241
669,0.3041451755554875,0.5325282228455572,9.600631533120186
670,0.08916147875174112,0.589589607594349,10.712250284155589
671,0.030611848901059908,0.6991557553403347,11.272853481405763
672,0.31385741999452477,0.6432072736413902,8.83441064532916
673,-0.018556844741897074,0.5600884349682791,9.691389593609014
674,0.06765110257347844,0.5098887432400435,9.439500260926893
675,0.022141081515045017,0.6478174623779027,10.80618490865117
676,-0.017548713933592825,0.47979916351930535,9.595429366616832
677,0.6267597157701192,0.8103083666986877,12.399366708570145
678,0.2585381639121354,0.5923457657181674,9.298945343114616
679,0.11207080532372078,0.5674501626438523,9.803498953363023
680,-0.0013059277266612998,0.5028901466361495,10.319363846667596
681,0.2031385685919125,0.5847295599859941,9.561345501045357
682,0.6029652381491247,0.7589761488466286,9.566427019105
683,0.11418587553140057,0.8834175213780959,11.551096536022694
684,0.2676599661990342,0.44468538892897247,8.818523701951088
685,0.052027768086397065,0.465838580680695,9.744194224010444
686,-0.06651285214653005,0.651056660488686,11.249499146359433
687,0.2158667083345892,0.6157282581005602,11.607541096228983
688,0.12093901206201217,0.6179830218034186,9.446104558266407
689,0.3273359541650956,0.6866224217738848,9.752257701277008
690,0.2140994568129872,0.6512039323790778,10.755171941177455
691,0.1152781885018105,0.8145052153542058,11.118229051849465
692,0.34370242430913867,0.6679513637164972,8.888609936591651
693,0.42856720682591987,0.6604992580518734,10.182633946099335
694,0.34754447912917685,0.6003261946913475,10.2057014378754
695,0.2033817354305899,0.6642669846584569,11.057056950966999
696,0.024925767425123334,0.5355679057928465,9.760448294097223
697,0.48350099565598775,0.8276313734460786,11.367808547700522
698,0.35110664042027273,0.6094804172421204,9.614021457636426
699,0.49353305753544036,0.6509968826263507,9.520295224505968
700,0.2521211245468445,0.6429550988306398,11.20883811241895
701,0.4555007889921259,0.9302939454094751,9.65132761505897
702,0.34951468391779783,0.9347111810342154,11.604431222363882
703,0.40345514533399146,0.78652926668435,10.760997411084174
704,0.4495141111457546,0.9746918162515953,12.25103240811831
705,0.4602743862544358,0.49743389725750137,10.23198385260179
706,0.18558486883362255,0.584225821338683,9.151910221719469
707,0.11717082218470758,0.5299383570956963,11.681538704381937
708,0.2699936546331772,0.6036463861325699,10.258458952658792
709,0.2284135907987452,0.5819216558340076,9.562923625661783
710,0.22555705012284677,0.4246796757176707,9.503931764167767
711,0.3699640948542647,0.7254912336989456,9.974115024639529
712,0.052626951467777947,0.8036978925586202,9.839546982274836
713,0.27969040238460446,0.5933509758511354,10.904421106802623
714,0.5350817975438791,0.8577012911920423,12.141878857154511
715,0.41330350082300804,0.440533825668564,10.177008509825415
716,0.29506175072441826,0.5570749512710139,10.290462053465227
717,0.4481455126206165,0.6120996414281434,10.857416994013839
718,0.1047949847701574,0.685044955357975,10.910162611143745
719,0.3974564212701323,0.5108375756919664,10.215212162448806
720,0.3955445325441502,0.653454999202383,12.025814816052524
721,0.22003327703852238,0.4952775353983354,9.217783789602864
722,0.10070407382211967,0.5003253454082095,10.535184957575948
723,0.2479991538783693,0.4880312263907931,11.19608405576349
724,0.40971073973326283,0.4389216983381462,9.498473622826484
725,0.5435466453374426,0.5921981547091171,10.046625279895782
726,0.6153660329300856,0.5914367236495597,9.686863508758472
727,-0.03624475590251809,0.4681595230608546,13.039259308491758
728,0.27462613294011806,0.6575938310339141,10.71347294056602
729,0.5788573250449172,0.5902582773689203,10.004626181590416
730,0.41690477710741064,0.653362682963664,8.835802336816613
731,0.016269024895430573,0.592168297650001,9.581607489791713
732,0.45604751946209676,0.705726106548289,11.74177085801315
733,0.2602054963308684,0.5632077521394101,8.93993819037512
734,0.27138637673283783,0.5140131809348188,10.574863380274452
735,0.444792019289038,0.892043726317122,10.219005229333087
736,0.1599981227988826,0.4280567150438453,9.187248895391754
737,0.11224104158470975,0.6346075338484363,10.421190639635123
738,0.39085864664927783,0.7756138586316915,9.746487386009987
739,-0.016244712806307706,0.7669558910852978,11.860270811910814
740,0.6504183143530637,0.6202269748941077,12.16839520036002
741,0.33195240791412745,0.92798919674549,12.10373336423454
742,0.29860051249691555,0.625331901949649,11.07297384269265
743,0.20020659792601456,0.5445977058741519,9.35489131429476
744,0.5222380451941481,0.8551615246792483,10.185926606387886
745,0.006147484743590245,0.7519158924601118,9.2521426670527
746,0.5646077653784755,0.7396189859300173,10.793170070304496
747,0.5304491574849248,0.7491630043496946,12.585102137416069
748,0.018099069376959914,0.4862708840604281,9.889818374650552
749,0.18889991510348478,0.6510657437154872,9.043963770985497
750,0.5953106644235274,0.580310239168238,11.676825918852652
751,0.4669038342875032,0.8147776973233395,10.064624583431366
752,0.25864869816679703,0.7490289139944998,9.100485248225276
753,0.6510932636461445,0.7696999696295858,12.226821202432292
754,0.022140628978336498,0.6520220730068379,12.279337651065205
755,0.05723068772952075,0.5929048165542206,10.260492110692981
756,0.1459190305732119,0.6132978319655757,11.654444336778182
757,0.21037292074901504,0.5881617674007951,12.264119071849311
758,0.3391345713016618,0.4359893634994029,12.583481510906035
759,0.26252597073593553,0.5795799627520877,11.4477731405015
760,0.34855581717644235,0.7369262134146316,13.117317716343925
761,0.4530634451900991,0.7557580248755262,12.056459620314724
762,0.42525989500553785,0.8181289915905372,10.40354992255842
763,0.3691429266527747,0.7370901961388909,10.544512073194964
764,0.37390233462131856,0.6256087485362085,9.863865623113153
765,-0.00875142558725292,0.750568441131292,9.073069656404721
766,0.4875132716972582,0.5573216440083825,10.902956962097676
767,0.11952354526536746,0.7398757923308662,9.698247967843503
768,0.2588794417758068,0.6388241372133964,10.760624557192468
769,0.528475977213661,0.6189142478927516,12.740314241264079
770,0.678116062904709,0.5978738066240086,9.695758009563665
771,0.6663342724475141,0.5009810077333366,10.87960070005783
772,0.13471102412520472,0.5769140835145546,8.625144100394765
773,0.4123038961860185,0.5786405481565092,11.120960046045473
774,0.49788812084967954,0.6291682402182227,9.868291135207649
775,0.3430315198719936,0.7866750952675287,10.526285947732422
776,0.2142745397100179,0.5589107083963083,9.298361261482713
777,0.0091174908876323,0.599869621814113,10.435753055524277
778,0.4707790909372456,0.5769200533901775,13.80448433022164
779,0.6167042774906554,0.5404355588016324,11.423692239687702
780,0.07846857843296101,0.46985566993048755,12.930750082211548
781,0.030331559652371037,0.8047297533619369,9.526866975344564
782,0.26187817686267606,0.48546262488867065,9.63375825033178
783,0.16446018956423736,0.5069690841045867,11.0456617436784
784,0.45143931599084014,1.1401315905780314,10.317698373651307
785,0.1943410558991058,0.806832580803498,9.505977461113144
786,0.04506859239746746,0.47217277080792674,9.574477667961647
787,0.3930863562444337,0.7577377876790239,10.171435302068742
788,-0.003148713144520632,0.64357702505564,10.070690511363049
789,-0.0089097385569435,0.8118982291632774,11.919251000217137
790,0.19989280608458235,0.5729132551604077,9.604522688403828
791,0.010991357327770691,0.7833825565408904,9.309429815082469
792,0.2852862667892873,0.6604472996013772,12.085256016494382
793,0.36565335835060414,0.5526569901670809,10.977522004414853
794,0.06991076398709468,0.6484943491650114,12.643095171690591
795,0.3746240597730137,1.0495263087103803,10.96793736074332
796,0.05453965651641838,0.604042951782924,9.91434650854065
797,0.2260420627284409,0.427777033107635,12.373978357136966
798,0.6172947030529508,0.7650814939344374,10.323292542241418
799,0.12419835613225541,0.5112772957065255,9.93228614921172
800,0.4524783257899051,0.6561426709956729,9.802040088856911
801,0.21979221683150293,0.5767963081591724,9.824724879750752
802,0.05514050096855801,0.4500908998759897,9.10226072800744
803,0.42546868109113545,0.5749246560563371,9.340633854688019
804,0.25144574494088445,1.2388844370312448,10.288480865988564
805,0.10879600571349014,0.6565880028597658,12.319634080816142
806,0.25867259042705015,0.6117932180870138,10.633423194854476
807,0.0894443943875266,0.6127832628103356,9.720577576883937
808,0.21162005988819133,0.6376139972360587,9.698705739779356
809,0.3185145579114252,0.7203844233260492,8.797441577347291
810,-0.04176813500865637,0.6751466410373838,9.247549081409346
811,0.3606040914960704,0.6403472328101816,9.779407807897421
812,0.08343373619686037,0.8585811409809522,9.386244866818833
813,0.3067956002655249,0.5449967544011609,9.256044318972101
814,0.4368511976420681,0.6001424282526923,10.339339834903038
815,0.024289894983557336,0.543411232125716,9.171416229020181
816,1.0476548442852296,1.9473448314221058,9.486949937477952
817,0.3526538849779881,0.45117570853397787,9.544183650477201
818,0.23657327740661876,0.6450579408967764,8.829727227799824
819,0.02150337218120822,0.4810098814171193,9.359681950340311
820,0.7174530673360834,0.6902269361674827,10.19042258453496
821,0.31531305863673464,0.6223890299019164,9.649907659690868
822,0.5077282528076502,0.4876149020709745,9.532051725671895
823,0.43733705414818363,0.6725457505193381,10.372253662988145
824,0.20985862859489546,0.6170312421678762,11.093925621134112
825,0.40889470939740513,0.5405710941186966,10.81933245533309
826,0.043708380700823876,0.47383169766402256,10.14981859665916
827,0.38282418348497443,0.678190198710177,10.86673587133098
828,0.3115259815718334,1.1982515815631773,10.19656666823038
829,0.035758171483021677,0.5205628142956623,11.35430560140441
830,0.06916755010520047,0.5518760081722273,11.46773363559315
831,0.5730316697103861,0.8135700104504369,9.65848556076318
832,0.3180450592023336,1.1053987860985182,11.294619174711947
833,0.31397454542516084,0.6638838147850933,12.870924085470158
834,0.300701912419757,0.699354631593639,11.455994246211239
835,0.607392572765743,0.5155630054993037,9.98027236443758
836,0.6112372251240009,0.9173719225120197,11.687694191553467
837,0.09782613798308058,0.5863499650787517,12.917698712141743
838,0.03529044120560872,0.5565765430663576,11.540286524456837
839,0.4681767256791098,0.5891623931683546,10.532265793032394
840,0.45755836167607583,0.45244430179064793,9.509086649240377
841,0.2305692806019004,0.58543643638724,11.306910303632392
842,0.02674872101687173,0.4644778710841197,11.677807482532774
843,0.5218493898346344,0.6732307867915317,10.92983955605504
844,0.0570956634079444,0.7577027472197542,9.856328133364949
845,0.6783840722777766,0.5654588233242968,9.463875936616574
846,0.49782562951797105,0.5402096594137116,9.222213025742464
847,0.2727269669346564,0.6852406623737385,9.127405025252981
848,0.04449376927279911,0.39706082667057196,9.794552137373277
849,0.056715177697345735,0.5300356161661478,9.796972653414883
850,0.23928163448403011,0.6525257165447845,9.436625129088293
851,0.24729239252142854,0.489768370992014,9.776592784476351
852,0.053870468419663954,0.4713480156904296,9.605074889429483
853,0.36677467375120076,0.6378415883265481,9.731821581864107
854,0.0344848207537996,0.6010109777726195,11.502633707690608
855,0.42903937569066064,0.5427504147594272,9.71263808206726
856,0.14803770585057044,0.6110658402890272,10.689612032950206
857,0.07181431461482729,0.6080762461321854,9.153675876199824
858,0.4523389676720768,0.6002690246447621,9.150316627628225
859,0.026254387752906776,0.6457352881486856,9.545769801124385
860,0.11590371199645738,0.5665837186958279,9.611829772867669
861,0.37901213685817436,0.6471167613112827,11.559608633756381
862,0.16131093496113305,0.6901352219950284,10.825446504316636
863,0.39000368387066575,0.6949055306187882,11.047446499808917
864,0.2397963691430382,0.6791019950132943,11.108420584186122
865,0.4591232432339202,0.5790316878543805,12.055902627441222
866,0.27487397406003977,0.6070027194122056,10.225352785441121
867,0.24595934641945993,0.641246207159985,10.33803107235496
868,0.2537172855395729,0.5787179655261194,8.8632362655352
869,0.22049093494127722,1.0973542476472746,9.770597938145196
870,0.1926770367043386,0.6014978366965195,12.04030032980989
871,0.2959282698391556,0.6351745547417337,9.869997340706279
872,0.3465652605619361,0.7348671699073074,12.477641441272214
873,0.6709124288649416,0.9103456990408947,10.595782544727074
874,0.125878190719631,0.6654154314682792,9.914910502246332
875,0.3806326731644438,0.6081105124565307,12.501394873052906
876,0.10002662643512349,0.6301923990334565,9.71969868838219
877,0.2191141020616184,0.9602813325459005,9.116237032387561
878,0.23125308049953716,0.6393114360521785,12.2153639105573
879,0.05722395656847246,0.4267676463359117,10.055390640957722
880,0.36825493822383326,0.5229364333667582,9.566441419297519
881,0.07467499366275503,0.6981834888180984,9.696868369600764
882,0.3445450129554818,0.7081840766382449,9.219532227078718
883,0.32698318516730235,0.6925022523085587,10.182873440754808
884,0.4199165899700002,0.6304697638682142,9.595277722199334
885,0.2940964446394203,0.4905485485268249,9.480404534028276
886,0.03689990437667665,0.6257812634704553,9.994289282641525
887,0.49955383603111814,0.6674872853573783,10.472060607291613
888,0.07044758137392072,0.5143930106926428,12.047459798091921
889,0.37109529581275924,0.6678838610771195,9.98187509354949
890,-0.04078486378991584,0.4141979800286752,10.107202296354792
891,0.4609191918714786,0.6418248543902688,10.800205158247213
892,0.2865615538936627,0.8140237244217468,11.253652911812894
893,0.34491735784763605,1.0950440456108368,11.007847554291194
894,0.5802623128160063,0.6874213076918977,10.011420404260269
895,0.3768453782758683,0.5934628512244422,8.913606140255832
896,-0.09931355117079592,0.7449573819172026,9.892774156378918
897,0.040950844722263506,0.6317764482444652,10.945943839465727
898,0.4181448017171971,0.5571664702167277,11.03824582924868
899,0.47924118966785983,0.7878438066831811,9.737400268038913
900,-0.016744597964674795,0.46688993759423497,10.440601509865422
901,0.13667154237331933,1.359049013561474,9.424712134195687
902,0.4791994119892219,0.4922028416938195,12.490163949346899
903,0.3537020558227272,0.8312762464641558,9.381313088697203
904,0.20085973209955715,0.8366754758555498,10.510094412965856
905,0.37248552763957443,0.8735532712431439,12.903721104964648
906,0.07788707426989003,0.6823724508841382,8.967882709411091
907,0.49411896372644676,0.6816902581834994,10.843090711172264
908,0.16525968697601728,0.5402821145227639,10.417743220930582
909,-0.07841284796598476,0.44215388649730525,10.186582934980333
910,0.22373469931439638,0.6089461437358218,11.671222789312466
911,0.4339421158616173,0.5055661111799215,9.544663693074515
912,0.06899011626846496,0.49939432339996737,10.447863457929488
913,0.6860891786540275,0.62062705749905,10.655667918903905
914,0.4543323397743778,0.5782617379262822,11.330170894176314
915,0.25777156103484444,0.7710768293199851,10.214014336071934
916,0.494618910260866,0.8016535252335496,10.725867077249177
917,0.27874996521614176,0.7207419964311862,10.164106386415275
918,0.31412727649326083,0.6156716270294278,8.754049578483809
919,0.3440043865695483,0.8640852347695432,9.6885370343249
920,0.35179722510463923,0.5968559209772647,11.172673396360624
921,0.4676794032993994,0.6444402081849031,9.437148345764138
922,0.05264928143497894,0.4849974432177142,9.734043141772432
923,0.1523196326706103,0.4308828530796227,9.61276871517523
924,0.1256238235356708,0.5863727907753731,9.625638876055474
925,0.483940231070459,0.9415901545750783,10.091035920889874
926,0.14140363198816208,0.6172867424132752,12.539781495953436
927,0.37600693702060645,1.0034924814192283,10.514715594392616
928,0.42101260710177846,0.8352895911957076,12.497231545465688
929,0.24855221865877872,0.5379297233551031,9.389271137390251
930,0.4715511393028087,0.6435430778506785,10.655426581754703
931,0.33033236293330714,0.4126713924940202,9.081311708664044
932,0.32783885418251174,0.6082688570996115,9.449195452115234
933,-0.010038610144326813,0.4797151441590344,9.582612899764854
934,0.5515216818726707,0.7908487429000617,9.195432650906094
935,0.5499821968848938,0.7833906428173079,11.387988080865004
936,0.15203418385782339,0.48662629743363583,9.27739153728043
937,0.18347727821396392,0.5977046033115025,11.480520194627196
938,0.18663856548858213,0.64963099838231,9.907757627089786
939,0.4731979291428595,0.643311726801723,11.352105296487931
940,0.022326924874211986,0.8542447092179666,11.65185406667283
941,0.3960769056534739,0.757763324037889,9.47839328876363
942,-0.02200871107369417,0.6039753199954605,9.355012210556026
943,0.3975239998662847,0.5915834653995755,11.679966100327945
944,0.04056496639545612,0.7138977874319063,11.256718393973602
945,0.6142483208873202,0.5924877319132617,11.722352572830681
946,0.5599571806466899,0.5612130502632772,9.50251950429
947,0.377205181506779,0.7685370410324383,10.458901137096735
948,0.3897661093726648,0.46454073232263693,9.431013882981079
949,0.004336030666106798,0.60874553796694,9.43371244978005
950,0.33152057471490204,0.8180310849684495,10.863096417352178
951,0.46697884666843353,0.9230695773582235,9.304268352470293
952,0.3868884713921405,1.5318418918979488,11.072375978475495
953,0.5934166035911499,0.614033729521518,9.323244555868067
954,0.32029837278568424,0.5901715674962811,12.134252068578588
955,0.14576171373680702,0.7183694940496971,9.082612069547451
956,0.05482273057895024,0.6248538338210041,9.944688184402008
957,0.37587173989873246,0.6312715628905473,10.20095302143343
958,0.34974310708826173,0.45786582716351654,9.86675137309365
959,0.0604374114169718,0.7765247341911322,9.9124981980276
960,0.11095604573700932,0.7306486331279779,10.13069000218935
961,0.1353695244751756,0.5992876865920108,11.62466864351935
962,0.20912292294495397,0.5946753446502371,9.658846407400823
963,0.5025532419382251,0.6555904401659979,11.433363572194555
964,0.24747354577620637,0.5739796301218759,9.656180191659022
965,0.021839516395722288,0.4826199555161531,10.734340593436274
966,0.04155571487418941,0.7611509752169126,12.443562189023945
967,-0.010403695407111486,0.5880431653637412,12.360682262964962
968,0.6609601566892027,0.6275764255863113,8.600943035918469
969,0.48010667332276974,0.6023406390501219,10.467932433093523
970,0.37177859562383336,0.6511637244436285,12.795725534401384
971,0.2130254755474734,0.630016985767106,11.457687583645646
972,0.19344687262675814,0.9614954165037912,9.575720993000994
973,0.3425371363646005,0.9314641096391997,10.427066066376725
974,0.2746036470520885,0.5959721538417914,11.460102190741795
975,0.485974090578619,0.43516860842203653,11.561050931390648
976,0.4090551237728063,0.9010897062254998,11.553557727965735
977,0.3410362960340466,0.7543265460659918,9.157951356251395
978,0.6457540753211819,0.5953984616849215,10.503165534144628
979,0.15136526497250558,0.5800887846409796,9.853615393938142
980,0.5091169925469412,0.6710689912949489,9.08668686280329
981,0.07843955739009137,0.9227414473833825,12.717237156064256
982,0.1349816966390527,0.5540018225999822,12.617909846463471
983,0.23713085184831495,0.6321250814359729,10.986363992659545
984,0.3442939736962579,0.8844575255941153,9.487398047200301
985,0.4000923204041744,0.5477473546032555,9.260874098518565
986,0.5681200738344334,0.8360394066858157,9.579638598879148
987,0.8026495321499272,0.9350915239456067,10.048581333733075
988,0.15971302822242575,0.6865444326819062,9.081245518860754
989,0.09838896334187382,0.6797465309369239,9.527605883788217
990,0.39647103255580096,0.7095975245158226,9.78112007500366
991,0.3779261905055352,0.5820914447780766,10.210430492361828
992,0.17492538701054813,0.5482278461205861,9.817353590146926
993,0.07571250916873,0.4108596229630095,10.105052692284627
994,0.11548791385602958,0.5932124804460546,10.062292763281757
995,0.36887959275376586,0.6786101732616233,11.204913912261082
996,0.2781253058937974,0.7799145346876267,9.519242767646379
997,0.41889068134437396,0.5351843842661829,11.810054336103683
998,0.22120553640363147,0.6953194083561515,9.441676813208236
999,0.7151708265151281,0.5572056993684871,9.711252771409502
